{
  "halueval": {
    "verifier": {
      "0.2": {
        "coverage": 0.77,
        "risk": 0.19480519480519476,
        "accuracy_answered": 0.8051948051948052,
        "accuracy_ci": [
          0.7142857142857143,
          0.8831168831168831
        ],
        "n": 100
      },
      "0.4": {
        "coverage": 0.84,
        "risk": 0.2142857142857143,
        "accuracy_answered": 0.7857142857142857,
        "accuracy_ci": [
          0.6904761904761905,
          0.8690476190476191
        ],
        "n": 100
      },
      "0.6": {
        "coverage": 0.85,
        "risk": 0.21176470588235297,
        "accuracy_answered": 0.788235294117647,
        "accuracy_ci": [
          0.6941176470588235,
          0.8588235294117647
        ],
        "n": 100
      },
      "0.8": {
        "coverage": 0.89,
        "risk": 0.202247191011236,
        "accuracy_answered": 0.797752808988764,
        "accuracy_ci": [
          0.7188202247191011,
          0.8764044943820225
        ],
        "n": 100
      }
    }
  },
  "truthfulqa": {
    "answer_only": {
      "nan": {
        "coverage": 1.0,
        "risk": 0.18000000000000005,
        "accuracy_answered": 0.82,
        "accuracy_ci": [
          0.72,
          0.92
        ],
        "n": 50
      }
    },
    "consistency": {
      "0.4": {
        "coverage": 0.32,
        "risk": 0.125,
        "accuracy_answered": 0.875,
        "accuracy_ci": [
          0.6875,
          1.0
        ],
        "n": 50
      },
      "0.6": {
        "coverage": 0.32,
        "risk": 0.125,
        "accuracy_answered": 0.875,
        "accuracy_ci": [
          0.6875,
          1.0
        ],
        "n": 50
      },
      "0.8": {
        "coverage": 0.2,
        "risk": 0.09999999999999998,
        "accuracy_answered": 0.9,
        "accuracy_ci": [
          0.7,
          1.0
        ],
        "n": 50
      }
    },
    "self_eval": {
      "0.2": {
        "coverage": 1.0,
        "risk": 0.18000000000000005,
        "accuracy_answered": 0.82,
        "accuracy_ci": [
          0.72,
          0.92
        ],
        "n": 50
      },
      "0.4": {
        "coverage": 0.98,
        "risk": 0.18367346938775508,
        "accuracy_answered": 0.8163265306122449,
        "accuracy_ci": [
          0.6938775510204082,
          0.9183673469387755
        ],
        "n": 50
      },
      "0.6": {
        "coverage": 0.98,
        "risk": 0.18367346938775508,
        "accuracy_answered": 0.8163265306122449,
        "accuracy_ci": [
          0.6938775510204082,
          0.9183673469387755
        ],
        "n": 50
      },
      "0.8": {
        "coverage": 0.96,
        "risk": 0.16666666666666663,
        "accuracy_answered": 0.8333333333333334,
        "accuracy_ci": [
          0.7291666666666666,
          0.9375
        ],
        "n": 50
      }
    }
  }
}